name,category,rating,reviews,address,phone,website,latitude,longitude,url,source,query,scraped_at
Institute of Philosophy,university,,,,+380 44 278 0605,https://www.filosof.com.ua/,50.4546608,30.524272,https://www.openstreetmap.org/node/305560878,openstreetmap,University in Kyiv,2026-08-20T10:35:02Z
International Center for electron Beam technologies,university,,,,,,50.4276129,30.5134936,https://www.openstreetmap.org/node/835201514,openstreetmap,University in Kyiv,2026-08-20T10:35:02Z
Центр трансферу технологій,university,,,,,,50.4277168,30.5133461,https://www.openstreetmap.org/node/1650205466,openstreetmap,University in Kyiv,2026-08-20T10:35:02Z
Кафедра офтальмології,university,,,,,https://www.nmapo.edu.ua/,50.4355652,30.4145299,https://www.openstreetmap.org/node/3183949083,openstreetmap,University in Kyiv,2026-08-20T10:35:02Z
Національний юридичний університет імені Ярослава Мудрого,university,,,,+380444578538,,50.4493211,30.4456488,https://www.openstreetmap.org/node/3721302943,openstreetmap,University in Kyiv,2026-08-20T10:35:02Z
I. I. Schmalhausen Institute of Zoology,university,,,"вулиця Богдана Хмельницького 15, 01030",,http://www.izan.kiev.ua,50.4451426,30.5149349,https://www.openstreetmap.org/node/4266240030,openstreetmap,University in Kyiv,2026-08-20T10:35:02Z
Інститут рибного господарства НАН України,university,,,,,,50.4648337,30.3272309,https://www.openstreetmap.org/node/4268802894,openstreetmap,University in Kyiv,2026-08-20T10:35:02Z
ТНУ ім. В.І Вернадського,university,,,вулиця Електриків 26/8,,,50.4750027,30.5262642,https://www.openstreetmap.org/node/6025822022,openstreetmap,University in Kyiv,2026-08-20T10:35:02Z
Кафедра дерматології та венерології,university,,,,,,50.4398051,30.5019349,https://www.openstreetmap.org/node/6810792453,openstreetmap,University in Kyiv,2026-08-20T10:35:02Z
Faculty of Psychology of KNU,university,,,,+380 44 521 3509,https://www.psy.univ.kiev.ua/ua/,50.3823537,30.4751652,https://www.openstreetmap.org/node/7727873546,openstreetmap,University in Kyiv,2026-08-20T10:35:02Z
Borys Grinchenko Kyiv University Administration,university,,,,,https://kubg.edu.ua,50.4527301,30.501585,https://www.openstreetmap.org/node/8639419244,openstreetmap,University in Kyiv,2026-08-20T10:35:02Z
Факультет інформаційних технологій,university,,,,,,50.455552,30.4738437,https://www.openstreetmap.org/node/8762077019,openstreetmap,University in Kyiv,2026-08-20T10:35:02Z
Кафедра геоінформатики,university,,,Васильківська вулиця,,,50.3874632,30.4803098,https://www.openstreetmap.org/node/9190158392,openstreetmap,University in Kyiv,2026-08-20T10:35:02Z
Київський економічний інститут менеджменту,university,,,,,,50.4509719,30.4459919,https://www.openstreetmap.org/node/9978432032,openstreetmap,University in Kyiv,2026-08-20T10:35:02Z
American University,university,,,Поштова площа 3,,https://auk.edu.ua,50.4593017,30.5269403,https://www.openstreetmap.org/node/11117031229,openstreetmap,University in Kyiv,2026-08-20T10:35:02Z
Кафедра біотехніки та біотехнологій Київського Політехнічного Інституту ім. Ігоря Сікорського,university,,,,,https://bioengineering.kpi.ua/ua/,50.4507676,30.4538344,https://www.openstreetmap.org/node/12183109901,openstreetmap,University in Kyiv,2026-08-20T10:35:02Z
Київська школа економіки,university,,,Оболонська набережна 20,,,50.5006946,30.5212636,https://www.openstreetmap.org/way/23857989,openstreetmap,University in Kyiv,2026-08-20T10:35:02Z
Institute of Mathematics of the National Academy of Sciences of Ukraine,university,,,Терещенківська вулиця 3,,,50.4443672,30.5160872,https://www.openstreetmap.org/way/27829819,openstreetmap,University in Kyiv,2026-08-20T10:35:02Z
Faculty of Physics,university,,,проспект Академіка Глушкова 4,,http://www.phys.univ.kiev.ua,50.3809944,30.4722994,https://www.openstreetmap.org/way/29050036,openstreetmap,University in Kyiv,2026-08-20T10:35:02Z
"ТНУ імені В.І. Вернадського. Навчально-науковий інститут управління, економіки та природокористування (ННІУЕІП)",university,,,"Кирилівська вулиця 164, 04073",+380 44 468 8042,https://tnu.edu.ua/,50.4952115,30.4601609,https://www.openstreetmap.org/way/31767124,openstreetmap,University in Kyiv,2026-08-20T10:35:02Z
National Music Academy of Ukraine,university,,,"вулиця Архітектора Городецького 1-3/11, 01001",+380 44 279 0792,https://knmau.com.ua/,50.4488597,30.5252499,https://www.openstreetmap.org/way/31823030,openstreetmap,University in Kyiv,2026-08-20T10:35:02Z
Faculty of Economics,university,,,"Васильківська вулиця 90, 03022",,http://www.econom.univ.kiev.ua,50.3890016,30.4807821,https://www.openstreetmap.org/way/33123375,openstreetmap,University in Kyiv,2026-08-20T10:35:02Z
Institute of Geology,university,,,"Васильківська вулиця 90, 03022",,http://www.geol.univ.kiev.ua/,50.3879492,30.480239,https://www.openstreetmap.org/way/33123377,openstreetmap,University in Kyiv,2026-08-20T10:35:02Z
Kyiv Medical University,university,,,вулиця Гетьмана Павла Скоропадського 9,,,50.4398985,30.5123017,https://www.openstreetmap.org/way/33632135,openstreetmap,University in Kyiv,2026-08-20T10:35:02Z
Медичний інститут Української асоціації народної медицини,university,,,Харківське шосе 121,,,50.4152066,30.6648809,https://www.openstreetmap.org/way/34155887,openstreetmap,University in Kyiv,2026-08-20T10:35:02Z
Київська державна академія водного транспорту імені гетьмана Петра Конашевича-Сагайдачного,university,,,Щекавицька вулиця 3/9,,,50.4674085,30.507579,https://www.openstreetmap.org/way/39534510,openstreetmap,University in Kyiv,2026-08-20T10:35:02Z
НУБіП Навчальний корпус №10,university,,,вулиця Героїв Оборони 11,,,50.3837959,30.4948543,https://www.openstreetmap.org/way/41385320,openstreetmap,University in Kyiv,2026-08-20T10:35:02Z
НУБіП Навчальний корпус №4,university,,,вулиця Героїв Оборони 13,,,50.3838718,30.4967132,https://www.openstreetmap.org/way/41385321,openstreetmap,University in Kyiv,2026-08-20T10:35:02Z
НУБіП України корпус № 3 (центральний),university,,,вулиця Героїв Оборони 15,,,50.3838152,30.500229,https://www.openstreetmap.org/way/41385322,openstreetmap,University in Kyiv,2026-08-20T10:35:02Z
Природничо-гуманітарний інститут НУБіП (корпус 2),university,,,вулиця Героїв Оборони 17,,,50.3839708,30.5031974,https://www.openstreetmap.org/way/41385323,openstreetmap,University in Kyiv,2026-08-20T10:35:02Z
Гідробіологічний факультет НУБіП (корпус 1),university,,,вулиця Горіхуватський Шлях 19,,,50.3837225,30.5058767,https://www.openstreetmap.org/way/41385324,openstreetmap,University in Kyiv,2026-08-20T10:35:02Z
University “Ukraine”,university,,,вулиця Хорива 1-Г,,,50.4647651,30.5124074,https://www.openstreetmap.org/way/44755978,openstreetmap,University in Kyiv,2026-08-20T10:35:02Z
Університет банківської справи,university,,,Андріївська вулиця 1/1,+380 44 462 5305,http://www.ubs.gov.ua,50.4605982,30.5202152,https://www.openstreetmap.org/way/45588175,openstreetmap,University in Kyiv,2026-08-20T10:35:02Z
Bogomoletz Institute of Physiology,university,,,вулиця Академіка Богомольця 4,+380 44 253 2013,http://biph.kiev.ua,50.4403546,30.5311965,https://www.openstreetmap.org/way/47233729,openstreetmap,University in Kyiv,2026-08-20T10:35:02Z
Університет новітніх технологій,university,,,Машинобудівний провулок 28,,http://unt.kiev.ua/,50.448816,30.4345585,https://www.openstreetmap.org/way/50337174,openstreetmap,University in Kyiv,2026-08-20T10:35:02Z
Київський Інститут Автоматики,university,,,Нагірна вулиця 20,,,50.4727685,30.482783,https://www.openstreetmap.org/way/58879072,openstreetmap,University in Kyiv,2026-08-20T10:35:02Z
Кріогенний корпус. ДП центр екологічного моніторингу України,university,,,проспект Академіка Глушкова 4-А,,,50.3816161,30.4726657,https://www.openstreetmap.org/way/101646798,openstreetmap,University in Kyiv,2026-08-20T10:35:02Z
Military Institute,university,,,"вулиця Юлії Здановської 81, 03189",,https://mil.univ.kiev.ua/,50.3836704,30.4661337,https://www.openstreetmap.org/way/101812154,openstreetmap,University in Kyiv,2026-08-20T10:35:02Z
International Solomon University,university,,,вулиця Шолуденка 1-Б,,http://www.isu.edu.ua/,50.4520186,30.4772688,https://www.openstreetmap.org/way/112682837,openstreetmap,University in Kyiv,2026-08-20T10:35:02Z
University Ukraine,university,,,Львівська вулиця 23,,https://uu.edu.ua/,50.4537504,30.3698609,https://www.openstreetmap.org/way/114113362,openstreetmap,University in Kyiv,2026-08-20T10:35:02Z
Університет Україна,university,,,Львівська вулиця 23,,,50.4536672,30.3697106,https://www.openstreetmap.org/way/114113363,openstreetmap,University in Kyiv,2026-08-20T10:35:02Z
Kyiv School of Economics,university,,,Дмитрівська вулиця 92-94,,,50.4558001,30.4879035,https://www.openstreetmap.org/way/115002442,openstreetmap,University in Kyiv,2026-08-20T10:35:02Z
"Київський національний університет театру, кіно і телебачення імені І. К. Карпенка-Карого",university,,,Ярославська вулиця 17/22,,http://knutkt.com.ua,50.4679993,30.5110017,https://www.openstreetmap.org/way/139852694,openstreetmap,University in Kyiv,2026-08-20T10:35:02Z
Інститут післядипломної освіти,university,,,,,,50.3923309,30.4829445,https://www.openstreetmap.org/way/144131260,openstreetmap,University in Kyiv,2026-08-20T10:35:02Z
"Київський національний університет театру, кіно і телебачення ім. І. К. Карпенка-Карого",university,,,вулиця Хрещатик 52,,http://knutkt.com.ua,50.4429655,30.520033,https://www.openstreetmap.org/way/147323150,openstreetmap,University in Kyiv,2026-08-20T10:35:02Z
Nuclear physics department of KNU,university,,,Васильківська вулиця 98-А,+380 44 259 7533,http://atom.univ.kiev.ua/,50.3851551,30.4764446,https://www.openstreetmap.org/way/147533559,openstreetmap,University in Kyiv,2026-08-20T10:35:02Z
Київський Інститут Автоматики,university,,,Нагірна вулиця 22,,,50.4718704,30.4836602,https://www.openstreetmap.org/way/148175055,openstreetmap,University in Kyiv,2026-08-20T10:35:02Z
"Університет туризму, економіки і права",university,,,,,,50.4681755,30.6123938,https://www.openstreetmap.org/way/156403874,openstreetmap,University in Kyiv,2026-08-20T10:35:02Z
State University of Telecommunications,university,,,,,https://dut.edu.ua/,50.4289128,30.4770766,https://www.openstreetmap.org/way/161108034,openstreetmap,University in Kyiv,2026-08-20T10:35:02Z
"Academy of Labour, Social Relations and Tourism",university,,,,,http://www.socosvita.kiev.ua/,50.3716987,30.4533599,https://www.openstreetmap.org/way/163194304,openstreetmap,University in Kyiv,2026-08-20T10:35:02Z
National Transport University,university,,,,,http://new.ntu.edu.ua/,50.4394252,30.5497628,https://www.openstreetmap.org/way/191580066,openstreetmap,University in Kyiv,2026-08-20T10:35:02Z
International University of Finance,university,,,Берестейський проспект 37,,,50.4487852,30.4624431,https://www.openstreetmap.org/way/225543110,openstreetmap,University in Kyiv,2026-08-20T10:35:02Z
Київська державна академія декоративно-прикладного мистецтва і дизайну ім. Михайла Бойчука,university,,,,,https://boychukart.kiev.ua/,50.4088438,30.5501698,https://www.openstreetmap.org/way/281602543,openstreetmap,University in Kyiv,2026-08-20T10:35:02Z
Національний університет фізичного виховання і спорту,university,,,,+380 44 287 4483,https://www.uni-sport.edu.ua/,50.4309602,30.5184164,https://www.openstreetmap.org/way/284395846,openstreetmap,University in Kyiv,2026-08-20T10:35:02Z
Київське вище професійне поліграфічне училище,university,,,,,http://kvppu.com,50.4504594,30.4281137,https://www.openstreetmap.org/way/341066952,openstreetmap,University in Kyiv,2026-08-20T10:35:02Z
"Seminary ""Grace and Truth""",university,,,,+380 44 411 1588,http://www.gtseminary.com/,50.526207,30.5011346,https://www.openstreetmap.org/way/478658383,openstreetmap,University in Kyiv,2026-08-20T10:35:02Z
Національна медична академія післядипломної освіти імені П. Л. Шупика,university,,,,,https://nmapo.edu.ua,50.4692757,30.4489167,https://www.openstreetmap.org/way/488493653,openstreetmap,University in Kyiv,2026-08-20T10:35:02Z
Інститут аграрної економіки УААН,university,,,,,http://www.iae.org.ua/,50.3824866,30.4912717,https://www.openstreetmap.org/way/526174336,openstreetmap,University in Kyiv,2026-08-20T10:35:02Z
Kyiv Slavonic University,university,,,"вулиця Олександра Архипенка 10-Г, 04211",+380 44 464 4588,http://ksu.edu.ua/,50.493964,30.5179518,https://www.openstreetmap.org/way/543237974,openstreetmap,University in Kyiv,2026-08-20T10:35:02Z
European University,university,,,,,http://www.e-u.in.ua,50.4611897,30.3789619,https://www.openstreetmap.org/way/554357228,openstreetmap,University in Kyiv,2026-08-20T10:35:02Z
Університет імені Бориса Грінченка,university,,,вулиця Левка Лукʼяненка 13-Б,,,50.5137648,30.4918829,https://www.openstreetmap.org/way/554714288,openstreetmap,University in Kyiv,2026-08-20T10:35:02Z
Український державний університет фінансів та міжнародної торгівлі (КНТЕУ),university,,,,,,50.3625129,30.4374195,https://www.openstreetmap.org/way/609058460,openstreetmap,University in Kyiv,2026-08-20T10:35:02Z
Kiev National University of Culture and Arts,university,,,,,http://knukim.edu.ua/,50.4248001,30.5346685,https://www.openstreetmap.org/way/613075981,openstreetmap,University in Kyiv,2026-08-20T10:35:02Z
National Academy of Fine Arts and Architecture,university,,,,+380 44 272 1946,https://naoma.edu.ua/,50.4586993,30.507517,https://www.openstreetmap.org/way/613961749,openstreetmap,University in Kyiv,2026-08-20T10:35:02Z
Kyiv National University of Construction and Architecture,university,,,,,https://www.knuba.edu.ua/,50.4261226,30.4679592,https://www.openstreetmap.org/way/621636481,openstreetmap,University in Kyiv,2026-08-20T10:35:02Z
Національний університет біоресурсів і природокористування України,university,,,Васильківська вулиця 17,,https://nubip.edu.ua/about,50.3941905,30.4983388,https://www.openstreetmap.org/way/642676042,openstreetmap,University in Kyiv,2026-08-20T10:35:02Z
National University of Life and Environmental Sciences of Ukraine,university,,,вулиця Героїв Оборони 15,,https://nubip.edu.ua/,50.3811092,30.4962155,https://www.openstreetmap.org/way/643003691,openstreetmap,University in Kyiv,2026-08-20T10:35:02Z
Інститут екогігієни та токсикології ім. Л. І. Медведя,university,,,"вулиця Героїв Оборони 6, 03127",,,50.381924,30.4866763,https://www.openstreetmap.org/way/643009622,openstreetmap,University in Kyiv,2026-08-20T10:35:02Z
Київський кооперативний інститут бізнесу і права,university,,,,,https://kkibp.edu.ua/uk/,50.3922239,30.4936542,https://www.openstreetmap.org/way/653268385,openstreetmap,University in Kyiv,2026-08-20T10:35:02Z
Plants Physiology and Genetics Institute,university,,,Васильківська вулиця 31/17,,https://www.ifrg.kiev.ua/,50.392523,30.4900672,https://www.openstreetmap.org/way/654072171,openstreetmap,University in Kyiv,2026-08-20T10:35:02Z
Plants Protection Institute,university,,,Васильківська вулиця 33,,https://ipp.gov.ua/,50.3922422,30.4884101,https://www.openstreetmap.org/way/654073967,openstreetmap,University in Kyiv,2026-08-20T10:35:02Z
Інститут підготовки кадрів Державної служби зайнятості України,university,,,,,,50.4275465,30.5022881,https://www.openstreetmap.org/way/661507878,openstreetmap,University in Kyiv,2026-08-20T10:35:02Z
Beekeping University,university,,,"вулиця Академіка Заболотного 19, 03680",+380 44 526 6798,http://prokopovich.com.ua,50.357545,30.4823027,https://www.openstreetmap.org/way/709294945,openstreetmap,University in Kyiv,2026-08-20T10:35:02Z
Таврійський національний університет імені Вернадського,university,,,вулиця Джона Маккейна 33,,,50.4184985,30.5376718,https://www.openstreetmap.org/way/772860123,openstreetmap,University in Kyiv,2026-08-20T10:35:02Z
Університет менеджменту освіти,university,,,вулиця Січових Стрільців 52-А,,http://umo.edu.ua,50.4575249,30.4931137,https://www.openstreetmap.org/way/798915668,openstreetmap,University in Kyiv,2026-08-20T10:35:02Z
Європейський університет,university,,,,,https://e-u.in.ua,50.420146,30.379508,https://www.openstreetmap.org/way/825199181,openstreetmap,University in Kyiv,2026-08-20T10:35:02Z
Київський інститут музики імені Р.М. Глієра,university,,,вулиця Льва Толстого 31,,,50.440705,30.5026277,https://www.openstreetmap.org/way/851035769,openstreetmap,University in Kyiv,2026-08-20T10:35:02Z
National University of Food Technologies,university,,,,,https://nuft.edu.ua/,50.43893,30.5092183,https://www.openstreetmap.org/way/860670794,openstreetmap,University in Kyiv,2026-08-20T10:35:02Z
"Національна академія статистики, обліку та аудиту",university,,,,,,50.4657457,30.4847564,https://www.openstreetmap.org/way/865702163,openstreetmap,University in Kyiv,2026-08-20T10:35:02Z
Інститут філології КНУ ім. Тараса Шевченка,university,,,"бульвар Тараса Шевченка 14, 01601",+380442393101,https://philology.knu.ua/,50.443984,30.5140529,https://www.openstreetmap.org/way/891735242,openstreetmap,University in Kyiv,2026-08-20T10:35:02Z
Університет імені Бориса Грінченка,university,,,,+380 44 295 3489,https://im.kubg.edu.ua/,50.4395532,30.6026342,https://www.openstreetmap.org/way/954722031,openstreetmap,University in Kyiv,2026-08-20T10:35:02Z
Спорткомплекс Національного університету харчових технологій,university,,,,,,50.3964254,30.5332644,https://www.openstreetmap.org/way/1023486315,openstreetmap,University in Kyiv,2026-08-20T10:35:02Z
Академія естрадного та циркового мистецтв,university,,,Жилянська вулиця 88,,,50.4391403,30.5000759,https://www.openstreetmap.org/way/1039666911,openstreetmap,University in Kyiv,2026-08-20T10:35:02Z
Інститут агроекології і природокористування НААН,university,,,,,,50.3514219,30.4751508,https://www.openstreetmap.org/way/1163077188,openstreetmap,University in Kyiv,2026-08-20T10:35:02Z
Інститут інноваційної освіти КНУБА,university,,,,,,50.4264965,30.4642617,https://www.openstreetmap.org/way/1360068810,openstreetmap,University in Kyiv,2026-08-20T10:35:02Z
Міжнародний Інститут Менеджменту,university,,,,,http://www.mim.kiev.ua,50.4518157,30.4698284,https://www.openstreetmap.org/way/1364119070,openstreetmap,University in Kyiv,2026-08-20T10:35:02Z
Vadym Hetman Kyiv National Economic University,university,,,,+380 44 456 3162,http://kneu.edu.ua/,50.4607472,30.4329341,https://www.openstreetmap.org/way/1364607734,openstreetmap,University in Kyiv,2026-08-20T10:35:02Z
Національна академія державного управління при Президентові України,university,,,,,,50.4602549,30.4335964,https://www.openstreetmap.org/way/1364607735,openstreetmap,University in Kyiv,2026-08-20T10:35:02Z
Kyiv School of Economics,university,,,,,,50.4584291,30.4299178,https://www.openstreetmap.org/way/1364608010,openstreetmap,University in Kyiv,2026-08-20T10:35:02Z
Building No. 26 NTUU KPI,university,,,,,https://kpi.ua/k-26,50.4337204,30.5357602,https://www.openstreetmap.org/way/1364611253,openstreetmap,University in Kyiv,2026-08-20T10:35:02Z
Київський Міжнародний Університет,university,,,,,,50.4529912,30.3546638,https://www.openstreetmap.org/way/1375208854,openstreetmap,University in Kyiv,2026-08-20T10:35:02Z
Навчально-науковий інститут №2 з підготовки слідчих і криміналістів МВС України,university,,,,,,50.4931908,30.607134,https://www.openstreetmap.org/way/1380098273,openstreetmap,University in Kyiv,2026-08-20T10:35:02Z
Kyiv National Economic University,university,,,,,https://kneu.edu.ua/,50.454723,30.5049835,https://www.openstreetmap.org/way/1423851525,openstreetmap,University in Kyiv,2026-08-20T10:35:02Z
Міжнародний Науково-Технічний Університет,university,,,,+380 44 291 5053,https://www.istu.edu.ua/,50.4530998,30.6366707,https://www.openstreetmap.org/way/1433125658,openstreetmap,University in Kyiv,2026-08-20T10:35:02Z
Kyiv Medical University,university,,,,+380 44 567 2929,https://kmu.edu.ua/,50.4302887,30.6566127,https://www.openstreetmap.org/way/1433727045,openstreetmap,University in Kyiv,2026-08-20T10:35:02Z
Diplomatic Academy of Ukraine,university,,,,+380 44 238 1545,http://dipacadem.kiev.ua/,50.4558324,30.5203358,https://www.openstreetmap.org/way/1476121338,openstreetmap,University in Kyiv,2026-08-20T10:35:02Z
Київська школа економіки,university,,,,,,50.5007535,30.5190642,https://www.openstreetmap.org/way/1482467089,openstreetmap,University in Kyiv,2026-08-20T10:35:02Z
Кампус НАУ,university,,,,,,50.4397714,30.4344829,https://www.openstreetmap.org/way/1513099935,openstreetmap,University in Kyiv,2026-08-20T10:35:02Z
National Technical University of Ukraine “Igor Sikorsky Kyiv Polytechnic Institute”,university,,,,,,50.4472265,30.4543433,https://www.openstreetmap.org/relation/1175542,openstreetmap,University in Kyiv,2026-08-20T10:35:02Z
Київський університет ім. Бориса Грінченка,university,,,проспект Павла Тичини 19,,https://kubg.edu.ua/,50.4325283,30.6095647,https://www.openstreetmap.org/relation/1398418,openstreetmap,University in Kyiv,2026-08-20T10:35:02Z
"Faculty of Cybernetics, Faculty of Sociology",university,,,проспект Академіка Глушкова 4-Д,,https://csc.knu.ua/,50.3830239,30.4705135,https://www.openstreetmap.org/relation/1447306,openstreetmap,University in Kyiv,2026-08-20T10:35:02Z
Faculty of Mechanics and Mathematics,university,,,проспект Академіка Глушкова 4-Е,,http://www.mechmat.univ.kiev.ua/,50.3835783,30.4699803,https://www.openstreetmap.org/relation/1447398,openstreetmap,University in Kyiv,2026-08-20T10:35:02Z
"Faculty of Radiophysics, Electronics and Computer Systems",university,,,проспект Академіка Глушкова 4-Г,,https://rex.knu.ua/,50.3824743,30.4710469,https://www.openstreetmap.org/relation/1447399,openstreetmap,University in Kyiv,2026-08-20T10:35:02Z
Interregional Academy of Personnel Management,university,,,,,https://www.maup.com.ua/,50.4097194,30.5122238,https://www.openstreetmap.org/relation/1691776,openstreetmap,University in Kyiv,2026-08-20T10:35:02Z
National University of Defense of Ukraine,university,,,,,https://nuou.org.ua/,50.4327001,30.4646779,https://www.openstreetmap.org/relation/3621184,openstreetmap,University in Kyiv,2026-08-20T10:35:02Z
Kyiv Aviation Institute,university,,,,,https://www.nau.edu.ua/,50.4455812,30.4233785,https://www.openstreetmap.org/relation/3977062,openstreetmap,University in Kyiv,2026-08-20T10:35:02Z
Bogomolets National Medical University,university,,,,,http://www.nmu.edu.ua/,50.4463403,30.4780133,https://www.openstreetmap.org/relation/4085261,openstreetmap,University in Kyiv,2026-08-20T10:35:02Z
Національний педагогічний університет ім. Михайла Драгоманова,university,,,,,https://npu.edu.ua/,50.450089,30.4612803,https://www.openstreetmap.org/relation/5121502,openstreetmap,University in Kyiv,2026-08-20T10:35:02Z
Taras Shevchenko National University of Kyiv,university,,,,+380 44 239 3333,http://www.univ.kiev.ua/,50.41726,30.4880558,https://www.openstreetmap.org/relation/5147906,openstreetmap,University in Kyiv,2026-08-20T10:35:02Z
Національна академія внутрішніх справ,university,,,,,,50.432777,30.4718682,https://www.openstreetmap.org/relation/5346026,openstreetmap,University in Kyiv,2026-08-20T10:35:02Z
Vadym Hetman Kyiv National Economic University,university,,,"Берестейський проспект 54/1, 03057",+380 44 456 3162,http://kneu.edu.ua/,50.4619995,30.4539508,https://www.openstreetmap.org/relation/5613108,openstreetmap,University in Kyiv,2026-08-20T10:35:02Z
Institute of International Relations and Journalism,university,,,,,,50.4710398,30.4667647,https://www.openstreetmap.org/relation/6620903,openstreetmap,University in Kyiv,2026-08-20T10:35:02Z
Інститут водних проблем і меліорації НААН України,university,,,Васильківська вулиця 37,,http://igim.org.ua/,50.3918301,30.485336,https://www.openstreetmap.org/relation/6662659,openstreetmap,University in Kyiv,2026-08-20T10:35:02Z
Національний лінгвістичний університет,university,,,,+380 44 287 3372,http://www.knlu.edu.ua/,50.4265122,30.5193325,https://www.openstreetmap.org/relation/8489776,openstreetmap,University in Kyiv,2026-08-20T10:35:02Z
"Kyiv National University of Theatre, Drama and Television",university,,,,,http://knutkt.com.ua,50.4249244,30.5282244,https://www.openstreetmap.org/relation/8493617,openstreetmap,University in Kyiv,2026-08-20T10:35:02Z
Державний університет інфраструктури та технологій,university,,,,,http://duit.org.ua,50.4408174,30.4823243,https://www.openstreetmap.org/relation/8631102,openstreetmap,University in Kyiv,2026-08-20T10:35:02Z
Київський університет ринкових відносин,university,,,,,,50.4262244,30.6124627,https://www.openstreetmap.org/relation/11038563,openstreetmap,University in Kyiv,2026-08-20T10:35:02Z
Київський Національний Університет Культури і Мистецтв (КНУКіМ),university,,,,,http://knukim.edu.ua/,50.4228219,30.5373824,https://www.openstreetmap.org/relation/11523219,openstreetmap,University in Kyiv,2026-08-20T10:35:02Z
National University of Kyiv-Mohyla Academy,university,,,,+380 44 425 6059,https://www.ukma.edu.ua/,50.4653423,30.5211708,https://www.openstreetmap.org/relation/12017906,openstreetmap,University in Kyiv,2026-08-20T10:35:02Z
Капмус НАУ,university,,,,,,50.437885,30.4398514,https://www.openstreetmap.org/relation/13096536,openstreetmap,University in Kyiv,2026-08-20T10:35:02Z
State National University of Trade and Economics,university,,,,+380 44 513 3348,https://knute.edu.ua,50.4668863,30.6379711,https://www.openstreetmap.org/relation/15946942,openstreetmap,University in Kyiv,2026-08-20T10:35:02Z
KROK University,university,,,,,https://www.krok.edu.ua,50.4613513,30.4283953,https://www.openstreetmap.org/relation/16087842,openstreetmap,University in Kyiv,2026-08-20T10:35:02Z
Військовий інститут телекомунікацій та інформатизації,university,,,,,http://viti.edu.ua/,50.4305845,30.5452684,https://www.openstreetmap.org/relation/17062491,openstreetmap,University in Kyiv,2026-08-20T10:35:02Z
Національний транспортний університет,university,,,вулиця Михайла Бойчука 42,,,50.4060389,30.5514704,https://www.openstreetmap.org/relation/17062492,openstreetmap,University in Kyiv,2026-08-20T10:35:02Z
Kyiv National University of Technologies and Design (KNUTD),university,,,,,,50.4204804,30.5436454,https://www.openstreetmap.org/relation/17062493,openstreetmap,University in Kyiv,2026-08-20T10:35:02Z
Ukrainian State University of Finance and International Trade,University,,,"Kyiv - Holosiiv Raion, Ukraine",,,,,https://mapy.com/en/?source=osm&id=1015405370,mapy.com,University in Kyiv,2026-08-20T10:35:02Z
Kyiv Economic Institute of Management,University,,,"Smolensʹka Vulytsya 31/33, Kyiv - Solomianka Raion, Ukraine",,,,,https://mapy.com/en/?source=osm&id=1129066944,mapy.com,University in Kyiv,2026-08-20T10:35:02Z
National Academy of Internal Affairs of Ukraine,University,,,"Solomianska Square 1, Kyiv - Solomianka Raion, Ukraine",,,,,https://mapy.com/en/?source=osm&id=95269836,mapy.com,University in Kyiv,2026-08-20T10:35:02Z
Kyiv National Linguistic University,University,,,"Laboratorna Street 3, Kyiv - Pecherskyi District, Ukraine",,,,,https://mapy.com/en/?source=osm&id=1015613116,mapy.com,University in Kyiv,2026-08-20T10:35:02Z
"Kyiv National I. K. Karpenko-Kary Theatre, Cinema and Television University",University,,,"Kyiv - Pecherskyi District, Ukraine",,,,,https://mapy.com/en/?source=osm&id=1015613249,mapy.com,University in Kyiv,2026-08-20T10:35:02Z
Institute of Plant Physiology and Genetics NAS of Ukraine,University,,,"Vasylkivska Street 31/17, Kyiv - Holosiiv Raion, Ukraine",,,,,https://mapy.com/en/?source=osm&id=1027253834,mapy.com,University in Kyiv,2026-08-20T10:35:02Z
Institute of plant protection of the National Academy of Agricultural Sciences of Ukraine,University,,,"Vasylkivska Street 33, Kyiv - Holosiiv Raion, Ukraine",,,,,https://mapy.com/en/?source=osm&id=1027253839,mapy.com,University in Kyiv,2026-08-20T10:35:02Z
National Transport University,University,,,"Mykhaila Boichuka Street 42, Kyiv - Pecherskyi District, Ukraine",,,,,https://mapy.com/en/?source=osm&id=11591527,mapy.com,University in Kyiv,2026-08-20T10:35:02Z
Kyiv Aviation University,University,,,"Liubomyra Huzara Avenue 1, Kyiv - Solomianka Raion, Ukraine",,,,,https://mapy.com/en/?source=osm&id=11592659,mapy.com,University in Kyiv,2026-08-20T10:35:02Z
Kyiv College of Transport Infrastructure,University,,,"Provulok Yaroslava Khomova 16, Kyiv - Solomianka Raion, Ukraine",,,,,https://mapy.com/en/?source=osm&id=1072363881,mapy.com,University in Kyiv,2026-08-20T10:35:02Z
Industrial and Economic College of the National Aviation University,University,,,"Metrobudivsʹka Vulytsya 5-А, Kyiv - Solomianka Raion, Ukraine",,,,,https://mapy.com/en/?source=osm&id=95265439,mapy.com,University in Kyiv,2026-08-20T10:35:02Z
National Academy of Culture and Arts Management,University,,,"Ivana Mazepy Street 9, Kyiv - Pecherskyi District, Ukraine",,,,,https://mapy.com/en/?source=osm&id=112511284,mapy.com,University in Kyiv,2026-08-20T10:35:02Z
National Academy of Agrarian Sciences of Ukraine,University,,,"Heroiv Oborony Street 10, Kyiv - Holosiiv Raion, Ukraine",,,,,https://mapy.com/en/?source=osm&id=1018997974,mapy.com,University in Kyiv,2026-08-20T10:35:02Z
Institute of Mathematics of the National Academy of Sciences of Ukraine,University,,,"Tereshchenkivska Street 3, Kyiv - Shevchenko Raion, Ukraine",,,,,https://mapy.com/en/?source=osm&id=11579008,mapy.com,University in Kyiv,2026-08-20T10:35:02Z
Kyiv Choreographic School,University,,,"Parkovo-Syretsʹka Vulytsya 4, Kyiv - Shevchenko Raion, Ukraine",,,,,https://mapy.com/en/?source=osm&id=1073409321,mapy.com,University in Kyiv,2026-08-20T10:35:02Z
Kyiv School of Economics,University,,,"Mykoly Shpaka Street 3, Kyiv - Shevchenko Raion, Ukraine",,,,,https://mapy.com/en/?source=osm&id=1238954258,mapy.com,University in Kyiv,2026-08-20T10:35:02Z
Kyyivsʹkyy Universytet Im. Borysa Hrinchenka,University,,,"Pavla Tychyny Avenue 19, Kyiv - Dnipro Raion, Ukraine",,,,,https://mapy.com/en/?source=osm&id=11592559,mapy.com,University in Kyiv,2026-08-20T10:35:02Z
Taras Shevchenko National University of Kyiv,University,,,"Iulii Zdanovskoi Street 49, Kyiv - Holosiiv Raion, Ukraine",,,,,https://mapy.com/en/?source=osm&id=95269791,mapy.com,University in Kyiv,2026-08-20T10:35:02Z
Open International University of Human Development “Ukraine”,University,,,"Lvivska Street 23, Kyiv - Sviatoshynskyi District, Ukraine",,,,,https://mapy.com/en/?source=osm&id=11584969,mapy.com,University in Kyiv,2026-08-20T10:35:02Z
Shupyk National Healthcare University of Ukraine,University,,,"Dorohozhytska Street 9, Kyiv - Shevchenko Raion, Ukraine",,,,,https://mapy.com/en/?source=osm&id=137842243,mapy.com,University in Kyiv,2026-08-20T10:35:02Z
Kyiv National Economic University named after Vadym Hetman,University,,,"Beresteiskyi Avenue 54/1, Kyiv - Shevchenko Raion, Ukraine",,,,,https://mapy.com/en/?source=osm&id=95269732,mapy.com,University in Kyiv,2026-08-20T10:35:02Z
State University of Trade and Economics,University,,,"Vulytsya Vasylya Ivanysa 2, Kyiv - Desnianskyi District, Ukraine",,,,,https://mapy.com/en/?source=osm&id=1185465618,mapy.com,University in Kyiv,2026-08-20T10:35:02Z
Kyiv National Economic University named after Vadym Hetman,University,,,"Vulytsya Yevheniyi Miroshnychenko 5, Kyiv - Shevchenko Raion, Ukraine",,,,,https://mapy.com/en/?source=osm&id=1238954254,mapy.com,University in Kyiv,2026-08-20T10:35:02Z
Ukrainian National Academy of Music,University,,,"Arkhitektora Horodetskoho Street 1-3/11, Kyiv - Pecherskyi District, Ukraine",,,,,https://mapy.com/en/?source=osm&id=11579767,mapy.com,University in Kyiv,2026-08-20T10:35:02Z
Military Institute of Taras Shevchenko National University of Kyiv,University,,,"Iulii Zdanovskoi Street 81, Kyiv - Holosiiv Raion, Ukraine",,,,,https://mapy.com/en/?source=osm&id=11584347,mapy.com,University in Kyiv,2026-08-20T10:35:02Z
International Solomon University,University,,,"Sholudenka Street 1-Б, Kyiv - Shevchenko Raion, Ukraine",,,,,https://mapy.com/en/?source=osm&id=11584898,mapy.com,University in Kyiv,2026-08-20T10:35:02Z
Taras Shevchenko National University of Kyiv,University,,,"Bohdana Havrylyshyna Street 24, Kyiv - Shevchenko Raion, Ukraine",,,,,https://mapy.com/en/?source=osm&id=1248585569,mapy.com,University in Kyiv,2026-08-20T10:35:02Z
"Academy of Labour, Social Relations and Tourism",University,,,"Kiltseva Road 3-А, Kyiv - Holosiiv Raion, Ukraine",,,,,https://mapy.com/en/?source=osm&id=11587930,mapy.com,University in Kyiv,2026-08-20T10:35:02Z
Instytut Ekohihiyeny Ta Toksykolohiyi Im. L. I. Medvedya,University,,,"Heroiv Oborony Street 6, Kyiv - Holosiiv Raion, Ukraine",,,,,https://mapy.com/en/?source=osm&id=1019114890,mapy.com,University in Kyiv,2026-08-20T10:35:02Z
Shupyk National Healthcare University of Ukraine,University,,,"Liubomyra Huzara Avenue 3, Kyiv - Solomianka Raion, Ukraine",,,,,https://mapy.com/en/?source=osm&id=1052849410,mapy.com,University in Kyiv,2026-08-20T10:35:02Z
Interregional Academy of Personnel Management,University,,,"Frometivska Street 2 к2, Kyiv - Holosiiv Raion, Ukraine",,,,,https://mapy.com/en/?source=osm&id=11592405,mapy.com,University in Kyiv,2026-08-20T10:35:02Z
Bogomolets National Medical University,University,,,"Vulytsya Polkovnyka Shutova 14-В, Kyiv - Shevchenko Raion, Ukraine",,,,,https://mapy.com/en/?source=osm&id=11592697,mapy.com,University in Kyiv,2026-08-20T10:35:02Z
International Management Institute,University,,,"Shuliavska Street 10/12в, Kyiv - Shevchenko Raion, Ukraine",,,,,https://mapy.com/en/?source=osm&id=1238858833,mapy.com,University in Kyiv,2026-08-20T10:35:02Z
I. I. Schmalhausen Institute of Zoology,University,,,"Bohdana Khmelnytskoho Street 15, Kyiv - Shevchenko Raion, Ukraine",,,,,https://mapy.com/en/?source=osm&id=1065806999,mapy.com,University in Kyiv,2026-08-20T10:35:02Z
College of Trade and Economics of Kyiv National University of Trade and Economics,University,,,"Lvivska Street 2/4, Kyiv - Sviatoshynskyi District, Ukraine",,,,,https://mapy.com/en/?source=osm&id=1240838642,mapy.com,University in Kyiv,2026-08-20T10:35:02Z
Kyiv City Medical Professional College,University,,,"Bratyslavska Street 5, Kyiv - Desnianskyi District, Ukraine",,,,,https://mapy.com/en/?source=osm&id=1106334633,mapy.com,University in Kyiv,2026-08-20T10:35:02Z
Beekeping University,University,,,"Akademika Zabolotnoho Street 19, Kyiv - Holosiiv Raion, Ukraine",,,,,https://mapy.com/en/?source=osm&id=1045972397,mapy.com,University in Kyiv,2026-08-20T10:35:02Z
State University of Telecommunications,University,,,"Solomianska Street 7, Kyiv - Solomianka Raion, Ukraine",,,,,https://mapy.com/en/?source=osm&id=11587798,mapy.com,University in Kyiv,2026-08-20T10:35:02Z
Military Institute of Telecommunications and Informatization,University,,,"Knyaziv Ostrozʹkykh Vulytsya 7-А, Kyiv - Pecherskyi District, Ukraine",,,,,https://mapy.com/en/?source=osm&id=112585520,mapy.com,University in Kyiv,2026-08-20T10:35:02Z
Institute of Water Problems and Land Reclamation,University,,,"Vasylkivska Street 37, Kyiv - Holosiiv Raion, Ukraine",,,,,https://mapy.com/en/?source=osm&id=1027431199,mapy.com,University in Kyiv,2026-08-20T10:35:02Z
National University of Physical Education and Sport of Ukraine,University,,,"Fizkultury Street 1 к1, Kyiv - Pecherskyi District, Ukraine",,,,,https://mapy.com/en/?source=osm&id=11591556,mapy.com,University in Kyiv,2026-08-20T10:35:02Z
National Academy of State Administration,University,,,"Vulytsya Antona Tsedika 20, Kyiv - Shevchenko Raion, Ukraine",,,,,https://mapy.com/en/?source=osm&id=1238954255,mapy.com,University in Kyiv,2026-08-20T10:35:02Z
National Academy of Visual Arts and Architecture,University,,,"Voznesenskyi Descent 20, Kyiv - Shevchenko Raion, Ukraine",,,,,https://mapy.com/en/?source=osm&id=1015434413,mapy.com,University in Kyiv,2026-08-20T10:35:02Z
Kyiv National University of Technologies and Design,University,,,"Leiptsyhska Street 16, Kyiv - Pecherskyi District, Ukraine",,,,,https://mapy.com/en/?source=osm&id=11588203,mapy.com,University in Kyiv,2026-08-20T10:35:02Z
Borys Grinchenko Kyiv Metropolitan University,University,,,"Bulʹvarno-Kudryavsʹka Vulytsya 18/2, Kyiv - Shevchenko Raion, Ukraine",,,,,https://mapy.com/en/?source=osm&id=1095809314,mapy.com,University in Kyiv,2026-08-20T10:35:02Z
National University of Kyiv-Mohyla Academy,University,,,"Hryhoriia Skovorody Street 2, Kyiv - Podil Raion, Ukraine",,,,,https://mapy.com/en/?source=osm&id=1084146475,mapy.com,University in Kyiv,2026-08-20T10:35:02Z
Kyiv National University of Construction and Architecture,University,,,"Osvity Street 7, Kyiv - Solomianka Raion, Ukraine",,,,,https://mapy.com/en/?source=osm&id=1019018535,mapy.com,University in Kyiv,2026-08-20T10:35:02Z
National University of Food Technologies,University,,,"Tarasivska Street 5, Kyiv - Holosiiv Raion, Ukraine",,,,,https://mapy.com/en/?source=osm&id=1081126577,mapy.com,University in Kyiv,2026-08-20T10:35:02Z
Kyiv Electromechanical College,University,,,"Prospekt Povitryanykh Syl 35, Kyiv - Solomianka Raion, Ukraine",,,,,https://mapy.com/en/?source=osm&id=1019018528,mapy.com,University in Kyiv,2026-08-20T10:35:02Z
Kyiv Secondary Specialized Music Boarding School named after Mykola Lysenko,University,,,"Parkovo-Syretsʹka Vulytsya 4, Kyiv - Shevchenko Raion, Ukraine",,,,,https://mapy.com/en/?source=osm&id=1104500728,mapy.com,University in Kyiv,2026-08-20T10:35:02Z
National University of Life and Environmental Sciences of Ukraine,University,,,"Heroiv Oborony Street 15, Kyiv - Holosiiv Raion, Ukraine",,,,,https://mapy.com/en/?source=osm&id=1019114889,mapy.com,University in Kyiv,2026-08-20T10:35:02Z
Kyiv School of Economics,University,,,"Dmytrivska Street 92-94, Kyiv - Shevchenko Raion, Ukraine",,,,,https://mapy.com/en/?source=osm&id=1040657555,mapy.com,University in Kyiv,2026-08-20T10:35:02Z
National University of Life and Environmental Sciences of Ukraine,University,,,"Vasylkivska Street 17, Kyiv - Holosiiv Raion, Ukraine",,,,,https://mapy.com/en/?source=osm&id=1019113019,mapy.com,University in Kyiv,2026-08-20T10:35:02Z
Igor Sikorsky Kyiv Polytechnic Institute,University,,,"Borshchahivska Street 144, Kyiv - Solomianka Raion, Ukraine",,,,,https://mapy.com/en/?source=osm&id=11592213,mapy.com,University in Kyiv,2026-08-20T10:35:02Z
Bogomoletz Institute of Physiology,University,,,"Akademika Bohomoltsia Street 4, Kyiv - Pecherskyi District, Ukraine",,,,,https://mapy.com/en/?source=osm&id=1247301402,mapy.com,University in Kyiv,2026-08-20T10:35:02Z
National Defense University of Ukraine,University,,,"Kyiv - Solomianka Raion, Ukraine",,,,,https://mapy.com/en/?source=osm&id=1250590883,mapy.com,University in Kyiv,2026-08-20T10:35:02Z
American University of Kyiv,University,,,"Poshtova Ploshcha 3, Kyiv - Podil Raion, Ukraine",,,,,https://mapy.com/en/?source=osm&id=1177991909,mapy.com,University in Kyiv,2026-08-20T10:35:02Z
Kyiv Professional College of Technology and Fashion Design,University,,,"Leonida Kadeniuka Avenue 22, Kyiv - Desnianskyi District, Ukraine",,,,,https://mapy.com/en/?source=osm&id=11584677,mapy.com,University in Kyiv,2026-08-20T10:35:02Z
Kyiv Industrial College,University,,,"Novoukrainska Street 24-А, Kyiv - Shevchenko Raion, Ukraine",,,,,https://mapy.com/en/?source=osm&id=1038460495,mapy.com,University in Kyiv,2026-08-20T10:35:02Z
Kyiv National University of Culture and Arts,University,,,"Yevhena Konovaltsia Street 36, Kyiv - Pecherskyi District, Ukraine",,,,,https://mapy.com/en/?source=osm&id=1080174215,mapy.com,University in Kyiv,2026-08-20T10:35:02Z
National Pedagogical Dragomanov University,University,,,"Vulytsya Pyrohova 7-А, Kyiv - Shevchenko Raion, Ukraine",,,,,https://mapy.com/en/?source=osm&id=95269780,mapy.com,University in Kyiv,2026-08-20T10:35:02Z
Mykhailo Boichuk Kyiv State Academy of Decorative-Applied Arts and Design,University,,,"Mykhaila Boichuka Street 32, Kyiv - Pecherskyi District, Ukraine",,,,,https://mapy.com/en/?source=osm&id=11591526,mapy.com,University in Kyiv,2026-08-20T10:35:02Z
"University of Kyiv Faculty of Radio Physics, Electronics and Computer Systems",University,,,"Akademika Hlushkova Avenue 4-Г, Kyiv - Holosiiv Raion, Ukraine",,,,,https://mapy.com/en/?source=osm&id=11592259,mapy.com,University in Kyiv,2026-08-20T10:35:02Z
Kriohennyy Korpus. Dp Tsentr Ekolohichnoho Monitorynhu Ukrayiny,University,,,"Prospekt Akademika Hlushkova 4-А, Kyiv - Holosiiv Raion, Ukraine",,,,,https://mapy.com/en/?source=osm&id=11584334,mapy.com,University in Kyiv,2026-08-20T10:35:02Z
Kyyivsʹkyy Transportno-Ekonomichnyy Koledzh (Ktek Ntu),University,,,"Vasylkivska Street 20, Kyiv - Holosiiv Raion, Ukraine",,,,,https://mapy.com/en/?source=osm&id=11474112,mapy.com,University in Kyiv,2026-08-20T10:35:02Z
Kyyivsʹka Pravoslavna Bohoslovsʹka Akademiya,University,,,"Trokhsviatytelska Street 8, Kyiv - Shevchenko Raion, Ukraine",,,,,https://mapy.com/en/?source=osm&id=1233604940,mapy.com,University in Kyiv,2026-08-20T10:35:02Z
Kyyivsʹkyy Fakhovyy Koledzh Restorannoho Hospodarstva Nukht,University,,,"Vulytsya Dmytra Doroshenka 57, Kyiv - Pecherskyi District, Ukraine",,,,,https://mapy.com/en/?source=osm&id=1254907199,mapy.com,University in Kyiv,2026-08-20T10:35:02Z
Kyiv Medical University,University,,,"Hetmana Pavla Skoropadskoho Street 9, Kyiv - Holosiiv Raion, Ukraine",,,,,https://mapy.com/en/?source=osm&id=11579827,mapy.com,University in Kyiv,2026-08-20T10:35:02Z
Tnu Im. V.i Vernadsʹkoho,University,,,"Elektrykiv Street 26/8, Kyiv - Podil Raion, Ukraine",,,,,https://mapy.com/en/?source=osm&id=1018917068,mapy.com,University in Kyiv,2026-08-20T10:35:02Z
Kyyivsʹkyy Koledzh Lehkoyi Promyslovosti,University,,,"Vulytsya Dmytra Doroshenka 4, Kyiv - Pecherskyi District, Ukraine",,,,,https://mapy.com/en/?source=osm&id=1118639972,mapy.com,University in Kyiv,2026-08-20T10:35:02Z
"Kyyivsʹkyy Natsionalʹnyy Universytet Teatru, Kino I Telebachennya Im. I. K. Karpenka-Karoho",University,,,"Khreshchatyk Street 52, Kyiv - Shevchenko Raion, Ukraine",,,,,https://mapy.com/en/?source=osm&id=11586950,mapy.com,University in Kyiv,2026-08-20T10:35:02Z
National Transport University,University,,,"Mykhaila Omelianovycha-Pavlenka Street 1, Kyiv - Pecherskyi District, Ukraine",,,,,https://mapy.com/en/?source=osm&id=11589090,mapy.com,University in Kyiv,2026-08-20T10:35:02Z
Kyiv Energy College,University,,,"Vulytsya Ivana Serhiyenka 7, Kyiv - Dnipro Raion, Ukraine",,,,,https://mapy.com/en/?source=osm&id=1129095136,mapy.com,University in Kyiv,2026-08-20T10:35:02Z
Kafedra Dermatolohiyi Ta Venerolohiyi,University,,,"Saksahanskoho Street 72, Kyiv - Holosiiv Raion, Ukraine",,,,,https://mapy.com/en/?source=osm&id=1049760149,mapy.com,University in Kyiv,2026-08-20T10:35:02Z
Kafedra Heoinformatyky,University,,,"Vasylkivska Street 90, Kyiv - Holosiiv Raion, Ukraine",,,,,https://mapy.com/en/?source=osm&id=1110295571,mapy.com,University in Kyiv,2026-08-20T10:35:02Z
Taras Shevchenko National University of Kyiv,College/university,4.3,78,"Volodymyrska St, 60, Kyiv",+380 44 239 3333,,,,https://www.bing.com/maps?q=University+in+Kyiv,bing-maps,University in Kyiv,2026-08-20T10:35:02Z
Kyiv International University,College/university,,,"Lvivska St, 49, Kyiv",+380 44 594 0304,,,,https://www.bing.com/maps?q=University+in+Kyiv,bing-maps,University in Kyiv,2026-08-20T10:35:02Z
«KROK» University,Education,,,"Tabirna St, 30-32, Kyiv",+380 44 339 9901,,,,https://www.bing.com/maps?q=University+in+Kyiv,bing-maps,University in Kyiv,2026-08-20T10:35:02Z
American University Kyiv,College/university,,,"Poshtova Ploshcha, Kyiv",,,,,https://www.bing.com/maps?q=University+in+Kyiv,bing-maps,University in Kyiv,2026-08-20T10:35:02Z
National University of Life and Environmental Sciences of Ukraine,Education,,,"Heroiv Oborony Street, 18, Kyiv",+380 44 527 8242,,,,https://www.bing.com/maps?q=University+in+Kyiv,bing-maps,University in Kyiv,2026-08-20T10:35:02Z
Borys Hrinchenko Kyiv University,College/university,,,"Bulvarno-Kudriavska St, 18/2, Kyiv",+380 44 272 1902,,,,https://www.bing.com/maps?q=University+in+Kyiv,bing-maps,University in Kyiv,2026-08-20T10:35:02Z
Faculty for International Students Taras Shevchenko National University of Kyiv,College/university,,,"Vasylkivska St, 36, Kyiv",+380 44 524 3353,,,,https://www.bing.com/maps?q=University+in+Kyiv,bing-maps,University in Kyiv,2026-08-20T10:35:02Z
Міжнародний Європейський Університет - International European University,College/university,,,"Магнітогірська Вулиця, 1б, Kyiv",+380 44 338 0073,,,,https://www.bing.com/maps?q=University+in+Kyiv,bing-maps,University in Kyiv,2026-08-20T10:35:02Z
"Open International University of Human Development ""Ukraine""",Education,,,"Lvivska Street, 23, Kyiv",+380 800 305 007,,,,https://www.bing.com/maps?q=University+in+Kyiv,bing-maps,University in Kyiv,2026-08-20T10:35:02Z
Kyiv Academic University,Education,,,"Akademika Vernadskoho Blvd, 36, Kyiv",+380 44 424 3025,,,,https://www.bing.com/maps?q=University+in+Kyiv,bing-maps,University in Kyiv,2026-08-20T10:35:02Z
European University,Education,,,"Akademika Vernadskoho Blvd, 16в, Kyiv",+380 44 334 5304,,,,https://www.bing.com/maps?q=University+in+Kyiv,bing-maps,University in Kyiv,2026-08-20T10:35:02Z
Kyiv National University of Culture and Arts,College/university,,,"Yevhena Konovaltsia St, 36, Kyiv",+380 44 285 4403,,,,https://www.bing.com/maps?q=University+in+Kyiv,bing-maps,University in Kyiv,2026-08-20T10:35:02Z
Mizhnarodnyy Naukovo-Tekhnichnyy Universytet Imeni Akademika Yuriya Buhaya,College/university,,,"Khersonskyi Ln, 3, Київ",+380 50 505 2440,,,,https://www.bing.com/maps?q=University+in+Kyiv,bing-maps,University in Kyiv,2026-08-20T10:35:02Z
Institute Of International Relations Taras Shevchenko National University of Kyiv,Education,,,"Yuriia Illienka Street, 36/1, Kyiv",+380 44 481 4437,,,,https://www.bing.com/maps?q=University+in+Kyiv,bing-maps,University in Kyiv,2026-08-20T10:35:02Z
National Defense University of Ukraine,Education,,,"проспект Повітряних Сил, 28, Київ",+380 44 248 1078,,,,https://www.bing.com/maps?q=University+in+Kyiv,bing-maps,University in Kyiv,2026-08-20T10:35:02Z
National University of Kyiv-Mohyla Academy,College/university,,,"Hryhoriia Skovorody St, 2, Kyiv",+380 44 425 6059,,,,https://www.bing.com/maps?q=University+in+Kyiv,bing-maps,University in Kyiv,2026-08-20T10:35:02Z
Kyiv National University of Technologies and Design,College/university,,,"Mala Shyianovska Street, 4, Kyiv",+380 44 256 2975,,,,https://www.bing.com/maps?q=University+in+Kyiv,bing-maps,University in Kyiv,2026-08-20T10:35:02Z
Igor Sikorsky Kyiv Polytechnic Institute,College/university,,,"Vulytsia Akademika Yanhelia, 37к7, Kyiv",+380 44 204 9494,,,,https://www.bing.com/maps?q=University+in+Kyiv,bing-maps,University in Kyiv,2026-08-20T10:35:02Z
ОПТІМА,Distance Learning Centre,4.4,179,4/10 Тбіліський провулок,099 333 9187,,50.454012,30.466906,https://www.google.com/maps/place/%D0%9E%D0%9F%D0%A2%D0%86%D0%9C%D0%90/data=!4m7!3m6!1s0x40d4cef53e3a1fed:0xe4e0de832a599ab1!8m2!3d50.454012!4d30.466906,google-maps,University in Kyiv,2026-08-20T10:35:02Z
Київська Академія перукарського мистецтва,Beauty therapy college,4.4,33,26/2 вулиця Гарматна,097 462 4545,,50.44721,30.431534,https://www.google.com/maps/place/%D0%9A%D0%B8%D1%97%D0%B2%D1%81%D1%8C%D0%BA%D0%B0+%D0%90%D0%BA%D0%B0%D0%B4%D0%B5%D0%BC%D1%96%D1%8F/data=!4m7!3m6!1s0x40d4cc3ecf96ffef:0x1917ffbffa489ec5!8m2!3d50.44721!4d30.431534,google-maps,University in Kyiv,2026-08-20T10:35:02Z
Taras Shevchenko National University of Kyiv,University,4.4,1086,"Volodymyrska St, 60",044 239 3333,https://www.knu.ua/,50.4420116,30.5111119,https://www.google.com/maps/place/Taras+Shevchenko+National+University+of+Kyiv/data=!4m7!3m6!1s0x40d4cef9c7d6616b:0x592e3b185607fc91!8m2!3d50.4420116!4d30.5111119,google-maps,University in Kyiv,2026-08-20T10:35:02Z
American University Kyiv,University,4.0,31,"Поштова площа, 3",,http://auk.edu.ua/,50.4589669,30.5269695,https://www.google.com/maps/place/American+University+Kyiv/data=!4m7!3m6!1s0x40d4cf4a8a9aa169:0xb9f93f84c26e606f!8m2!3d50.4589669!4d30.5269695,google-maps,University in Kyiv,2026-08-20T10:35:02Z
V. Vernadsky Tavriya National University,University,4.1,240,"Dzhona Makkeina St, 33",044 529 0516,http://www.tnu.edu.ua/,50.41849,30.538358,https://www.google.com/maps/place/V.+Vernadsky+Tavriya+National+University/data=!4m7!3m6!1s0x40d4cf14d07a70cd:0x6aebb4ff63c3e9db!8m2!3d50.41849!4d30.538358,google-maps,University in Kyiv,2026-08-20T10:35:02Z
Faculty for International Students Taras Shevchenko National University of Kyiv,University,4.8,8,"94 office, Vasylkivska St, 36",044 524 3353,https://intstud.knu.ua/en/,50.39206,30.483453,https://www.google.com/maps/place/Faculty+for+International+Students/data=!4m7!3m6!1s0x40d4c8db75de6763:0x48ff4efbf267ccd7!8m2!3d50.39206!4d30.483453,google-maps,University in Kyiv,2026-08-20T10:35:02Z
